KBiosciences grid report
Grid version 1.03
More information is available in the Genotyping-110.002-01.csv file. This file lists only the calls for each SNP on each well with a subject ID. When a subject ID is duplicated and the calls don't match the keyword DUPE is used.
Project number,110.002
Order number,22502
Plates,SWE-22502-01_KASP assaysd1, SWE-22502-01_KASP assaysd2

DNA \ Assay,snpIB00031,snpIB00032,snpIB00033,snpIB00034,snpIB00035,snpIB00036,snpIB00037,snpIB00038,snpIB00039,snpIB00040,snpIB00041,snpIB00042,snpIB00043,snpIB00044,snpIB00045,snpIB00046,snpIB00047,snpIB00048,snpIB00049,snpIB00050,snpIB00051,snpIB00052,snpIB00053,snpIB00055,snpIB00056,snpIB00057,snpIB00058,snpIB00059,snpIB00060,snplB00054
01188959020a_d1,T:C,T:C,T:A,?,G:C,T:C,G:A,C:C,G:G,C:C,T:T,T:A,T:C,T:C,T:C,C:C,Uncallable,G:G,G:G,G:A,T:G,G:A,A:A,Uncallable,T:C,G:C,G:A,T:C,T:C,G:C
01188959020a_d2,?,?,?,?,?,?,?,?,?,?,?,?,?,?,?,?,?,?,?,?,?,?,?,?,?,?,?,?,?,?
072fb7683234_d1,T:C,T:C,T:A,?,G:C,T:C,G:A,T:C,G:A,C:A,G:G,T:A,T:C,C:C,T:C,T:C,Uncallable,A:A,G:G,G:A,T:G,?,A:A,Uncallable,Uncallable,G:C,G:G,T:C,T:T,G:C
072fb7683234_d2,T:C,?,?,?,G:C,T:C,G:A,T:C,G:A,C:A,G:G,T:A,T:C,C:C,T:C,T:C,Uncallable,A:A,G:G,G:A,T:G,G:G,A:A,Uncallable,T:C,G:C,G:G,T:C,T:T,G:C
0905f225c2d5_d1,T:C,T:C,T:A,?,G:C,T:C,G:A,T:C,G:A,C:A,G:G,A:A,T:C,T:C,T:C,T:C,Uncallable,A:A,G:G,G:A,T:G,A:A,A:A,Uncallable,T:T,C:C,A:A,T:C,C:C,G:C
0905f225c2d5_d2,T:C,T:C,T:A,?,G:C,T:C,G:A,T:C,G:A,C:A,G:G,A:A,T:C,T:C,T:C,T:C,Uncallable,A:A,G:G,G:A,T:G,A:A,A:A,Uncallable,T:T,C:C,A:A,?,C:C,G:C
0c6672dfbc46_d1,T:C,T:C,T:A,?,G:C,T:C,G:A,T:C,G:G,C:A,G:G,T:A,T:C,T:C,T:C,T:C,Uncallable,A:A,T:G,G:A,T:G,G:G,A:A,Uncallable,T:T,G:C,G:A,T:C,T:C,G:C
0c6672dfbc46_d2,?,?,?,?,?,?,A:A,T:T,?,?,?,?,?,?,?,?,?,?,?,?,?,?,?,?,?,?,?,?,?,?
0edea0c39cb0_d1,T:C,T:C,T:A,?,G:C,T:C,G:A,T:C,?,?,?,?,T:C,?,?,T:C,?,?,?,G:A,?,?,?,?,C:C,?,?,?,?,?
0edea0c39cb0_d2,?,?,?,?,?,?,?,?,?,?,?,?,?,?,?,?,?,?,?,?,?,?,?,?,?,?,?,?,?,?
11fc009cb609_d1,T:C,T:C,T:A,?,G:C,T:C,G:A,T:C,A:A,C:A,G:G,T:T,T:T,C:C,T:C,T:C,Uncallable,A:A,G:G,G:A,T:G,G:G,T:T,Uncallable,C:C,G:C,G:A,T:C,T:C,G:C
11fc009cb609_d2,T:C,T:C,T:A,?,G:C,T:C,G:A,T:C,A:A,C:A,G:G,T:T,T:T,C:C,T:C,T:C,Uncallable,A:A,G:G,G:A,T:G,G:G,T:T,Uncallable,C:C,G:C,G:A,T:C,T:C,Uncallable
1269037fb9a3_d1,T:C,T:C,T:A,?,G:C,T:C,G:A,T:C,A:A,C:A,G:G,A:A,C:C,T:C,T:T,T:T,Uncallable,Uncallable,T:G,G:G,T:G,G:A,T:T,Uncallable,T:T,G:C,G:A,T:C,T:C,G:G
1269037fb9a3_d2,T:C,T:C,?,?,G:C,T:C,G:A,T:C,A:A,C:A,G:G,A:A,C:C,T:C,T:T,T:T,Uncallable,Uncallable,T:G,G:G,T:G,G:A,T:T,Uncallable,T:T,G:C,G:A,?,T:C,G:G
14b8b2085488_d1,T:C,T:C,T:A,?,G:C,C:C,G:A,T:C,G:A,C:A,G:G,T:A,T:C,C:C,T:C,T:C,Uncallable,A:A,T:G,G:A,T:G,G:G,A:A,Uncallable,T:C,G:C,G:A,T:C,T:T,G:C
14b8b2085488_d2,T:C,T:C,?,?,G:C,C:C,G:A,T:C,?,C:A,G:G,T:A,T:C,C:C,T:C,T:C,Uncallable,A:A,T:G,G:A,T:G,G:G,A:A,Uncallable,T:C,G:C,Uncallable,?,T:T,G:C
2a26d94cf880_d1,T:C,T:C,T:A,?,G:C,T:C,G:A,T:C,G:G,C:A,G:G,A:A,T:C,C:C,T:C,C:C,Uncallable,Uncallable,T:G,G:A,T:G,G:G,A:A,Uncallable,T:T,C:C,G:A,T:C,T:C,G:C
2a26d94cf880_d2,T:C,T:C,Uncallable,?,G:C,T:C,G:A,T:C,G:G,C:A,G:G,A:A,T:C,Uncallable,T:C,C:C,Uncallable,Uncallable,T:G,G:A,T:G,G:G,A:A,Uncallable,T:T,C:C,G:A,T:C,T:C,G:C
36074908bb29_d1,T:C,T:C,T:A,?,C:C,T:C,G:A,T:C,G:G,C:A,G:G,T:A,T:C,T:C,T:C,T:C,Uncallable,A:A,T:T,G:A,T:G,A:A,T:T,Uncallable,T:T,C:C,G:A,T:C,C:C,C:C
36074908bb29_d2,T:C,T:C,T:A,?,C:C,T:C,G:A,T:C,G:G,C:A,G:G,T:A,T:C,T:C,T:C,T:C,Uncallable,A:A,T:T,G:A,T:G,A:A,T:T,Uncallable,T:T,C:C,G:A,T:C,C:C,C:C
389f85183543_d1,T:C,T:C,T:A,?,G:C,T:C,G:A,T:C,A:A,C:A,G:G,A:A,T:C,T:C,T:C,T:C,Uncallable,A:A,T:G,G:A,T:G,G:G,A:A,Uncallable,T:C,C:C,G:A,T:C,C:C,C:C
389f85183543_d2,T:C,T:C,T:A,?,G:C,T:C,G:A,T:C,A:A,C:A,G:G,A:A,T:C,T:C,T:C,T:C,Uncallable,A:A,T:G,G:A,T:G,G:G,A:A,Uncallable,T:C,C:C,G:A,T:C,C:C,C:C
3996d4be3b9f_d1,?,?,?,?,?,?,G:A,?,?,?,?,?,?,?,?,?,?,?,?,?,?,?,?,?,?,?,?,?,?,?
3996d4be3b9f_d2,T:C,T:C,?,?,G:C,?,G:A,T:C,G:G,C:A,G:G,?,T:C,T:C,T:C,T:C,Uncallable,A:A,T:T,G:A,?,?,?,Uncallable,T:C,?,?,?,?,?
3bfac05f702a_d1,T:C,T:C,T:A,?,G:C,T:C,G:A,T:C,G:A,C:A,G:G,A:A,T:C,Uncallable,T:C,T:C,Uncallable,A:A,T:G,G:A,T:G,G:A,A:A,Uncallable,C:C,G:C,A:A,T:C,T:C,G:C
3bfac05f702a_d2,T:C,T:C,T:A,?,G:C,T:C,G:A,T:C,G:A,C:A,G:G,A:A,T:C,Uncallable,T:C,T:C,Uncallable,A:A,T:G,G:A,T:G,G:A,A:A,Uncallable,C:C,G:C,A:A,?,T:C,G:C
3c653486edaf_d1,T:C,T:C,T:A,?,G:C,T:C,G:A,T:C,G:A,C:A,G:G,T:A,T:C,C:C,T:C,T:C,Uncallable,A:A,T:G,G:A,T:G,G:G,A:A,Uncallable,T:C,G:C,G:G,T:C,T:T,G:C
3c653486edaf_d2,T:C,T:C,T:A,?,G:C,T:C,G:A,T:C,G:A,C:A,G:G,T:A,T:C,C:C,T:C,T:C,Uncallable,A:A,T:G,G:A,T:G,G:G,A:A,Uncallable,T:C,G:C,G:G,T:C,T:T,G:C
3e60eeda0c23_d1,T:T,T:C,T:A,?,G:C,T:C,G:A,C:C,G:G,C:A,G:G,T:A,T:C,T:C,T:C,T:C,Uncallable,A:A,T:G,G:A,T:G,G:A,A:A,Uncallable,T:T,G:C,G:A,T:C,T:C,G:C
3e60eeda0c23_d2,T:T,T:C,T:A,?,G:C,T:C,G:A,C:C,G:G,C:A,G:G,T:A,T:C,T:C,T:C,T:C,Uncallable,A:A,T:G,G:A,T:G,G:G,A:A,Uncallable,T:T,G:C,G:A,T:C,T:C,G:C
4027253042bb_d1,T:C,T:C,T:A,?,G:C,T:C,G:A,T:C,A:A,C:A,T:T,T:A,T:C,C:C,T:C,T:C,Uncallable,A:A,G:G,G:A,T:G,A:A,T:T,Uncallable,T:C,G:C,G:A,T:C,T:T,G:C
4027253042bb_d2,T:C,T:C,T:A,?,G:C,T:C,G:A,T:C,A:A,C:A,T:T,T:A,T:C,C:C,T:C,T:C,Uncallable,A:A,G:G,G:A,T:G,A:A,T:T,Uncallable,T:C,G:C,G:A,T:C,T:T,G:C
4231b983a322_d1,?,?,?,?,?,?,?,?,?,?,?,?,?,?,?,?,?,?,?,?,?,?,?,?,?,?,?,?,?,?
4231b983a322_d2,T:C,T:C,?,?,G:C,T:C,G:A,T:C,?,?,G:G,?,T:C,?,T:C,T:C,?,?,?,?,?,?,?,?,?,?,?,?,?,?
43b72ea971d0_d1,T:C,T:C,T:A,?,G:C,T:C,G:A,T:C,G:A,C:A,G:G,A:A,T:C,C:C,T:T,T:C,Uncallable,A:A,T:T,G:G,T:G,G:A,A:A,Uncallable,T:T,C:C,G:A,T:C,T:C,G:C
43b72ea971d0_d2,T:C,T:C,T:A,?,G:C,T:C,G:A,T:C,G:A,C:A,G:G,A:A,T:C,Uncallable,T:T,T:C,Uncallable,A:A,T:T,G:G,T:G,G:A,A:A,Uncallable,T:T,C:C,G:A,T:C,T:C,G:C
451681184e0d_d1,T:C,T:C,T:A,?,G:C,T:T,G:A,T:C,G:G,C:A,G:G,T:A,T:C,T:C,T:C,T:C,Uncallable,Uncallable,T:T,G:G,T:G,A:A,T:T,Uncallable,T:C,C:C,G:A,C:C,T:C,G:C
451681184e0d_d2,T:C,T:C,?,?,G:C,T:T,G:A,T:C,G:G,C:A,G:G,T:A,T:C,T:C,T:C,T:C,Uncallable,Uncallable,T:T,G:G,T:G,A:A,T:T,Uncallable,T:C,C:C,G:A,C:C,T:C,G:C
46fd3b1313a7_d1,T:C,?,?,?,G:C,?,G:A,?,?,?,?,?,?,?,?,?,?,?,?,?,?,?,?,?,?,?,?,?,?,?
46fd3b1313a7_d2,T:C,T:C,T:A,?,G:C,T:C,G:A,T:C,G:A,C:A,G:G,A:A,T:C,Uncallable,T:C,T:C,Uncallable,Uncallable,T:G,G:A,T:G,Uncallable,A:A,Uncallable,T:T,C:C,G:A,T:C,C:C,?
508e0e04894d_d1,T:C,T:C,T:A,?,G:C,T:C,G:A,T:C,?,?,?,?,T:C,?,T:C,T:C,?,?,T:G,G:A,?,?,?,Uncallable,C:C,?,A:A,?,?,?
508e0e04894d_d2,?,?,?,?,?,?,?,?,?,?,?,?,?,?,?,?,?,?,?,?,?,?,?,?,?,?,?,?,?,?
510279f0970b_d1,T:C,?,?,?,G:C,T:C,G:A,?,?,?,?,?,?,?,?,?,?,?,?,?,?,?,?,?,?,?,?,?,?,?
510279f0970b_d2,T:C,T:C,?,?,G:C,T:C,G:A,T:C,G:A,C:A,G:G,T:A,T:T,T:T,T:C,T:C,Uncallable,Uncallable,T:G,G:A,T:G,G:A,A:A,Uncallable,T:T,G:C,G:A,T:T,T:C,G:C
537ccd36cea9_d1,T:C,T:C,T:A,?,C:C,T:C,G:A,T:C,?,C:A,G:G,T:A,T:C,T:C,T:C,T:C,Uncallable,?,T:T,G:A,T:G,?,T:T,Uncallable,T:T,C:C,G:A,T:C,C:C,C:C
537ccd36cea9_d2,T:C,T:C,T:A,?,C:C,T:C,G:A,T:C,G:G,C:A,G:G,T:A,T:C,T:C,T:C,T:C,Uncallable,A:A,T:T,G:A,T:G,A:A,T:T,Uncallable,T:T,C:C,G:A,T:C,C:C,C:C
59067272076c_d1,C:C,T:C,T:A,?,G:C,C:C,G:A,T:C,G:A,C:A,G:G,T:A,T:C,T:C,T:C,T:C,Uncallable,A:A,T:G,G:A,T:T,G:G,A:A,Uncallable,C:C,G:G,G:A,T:C,T:C,G:C
59067272076c_d2,C:C,T:C,T:A,?,G:C,C:C,G:A,T:C,G:A,C:A,G:G,T:A,T:C,T:C,T:C,T:C,Uncallable,A:A,T:G,G:A,T:T,G:G,A:A,Uncallable,Uncallable,G:G,G:A,?,T:C,G:C
5b30a6326b99_d1,T:C,T:C,T:A,?,G:C,T:C,G:A,T:C,A:A,A:A,G:G,T:A,T:C,T:C,T:C,T:C,Uncallable,A:A,T:G,G:A,T:G,G:A,T:T,Uncallable,T:C,G:C,G:A,T:C,T:T,G:C
5b30a6326b99_d2,T:C,T:C,T:A,?,G:C,T:C,G:A,T:C,A:A,A:A,G:G,T:A,T:C,T:C,T:C,T:C,Uncallable,A:A,T:G,G:A,T:G,G:A,T:T,Uncallable,T:C,G:C,G:A,?,T:T,G:C
5bacb03a6df8_d1,T:C,T:C,T:A,?,G:C,T:C,G:A,T:C,A:A,C:A,G:G,T:A,T:C,C:C,T:C,T:C,Uncallable,A:A,G:G,G:A,T:G,G:A,A:A,Uncallable,C:C,G:C,G:A,T:C,T:C,G:C
5bacb03a6df8_d2,T:C,T:C,T:A,?,G:C,T:C,G:A,T:C,A:A,C:A,G:G,T:A,T:C,Uncallable,T:C,T:C,Uncallable,A:A,G:G,G:A,T:G,G:G,A:A,Uncallable,C:C,G:C,G:A,?,T:C,G:C
5bb2f024eaa5_d1,T:C,T:C,T:A,?,G:C,T:C,G:A,T:C,G:G,C:A,G:G,A:A,T:C,T:C,T:T,T:C,Uncallable,Uncallable,T:G,G:A,T:G,G:G,?,Uncallable,T:C,G:C,G:A,T:C,T:C,G:C
5bb2f024eaa5_d2,T:C,T:C,T:A,?,G:C,T:C,G:A,T:C,G:G,C:A,G:G,A:A,T:C,T:C,T:T,T:C,Uncallable,Uncallable,T:G,G:A,T:G,G:G,A:A,Uncallable,T:C,G:C,G:A,?,T:C,G:C
625133f112c4_d1,T:C,T:C,T:A,?,G:C,T:C,G:A,T:C,G:G,A:A,?,A:A,T:C,T:C,T:C,T:C,Uncallable,Uncallable,T:G,G:A,T:G,G:A,A:A,Uncallable,T:T,G:C,G:A,T:C,T:C,G:C
625133f112c4_d2,?,?,?,?,?,?,?,?,?,?,?,?,?,?,?,?,?,?,?,?,?,?,?,?,?,?,?,?,?,?
63948c4b38b5_d1,?,?,?,?,G:C,?,G:A,?,?,?,?,?,?,?,?,?,?,?,?,?,?,?,?,?,?,?,?,?,?,?
63948c4b38b5_d2,T:C,T:C,T:A,?,G:C,T:C,G:A,T:C,A:A,C:A,?,A:A,T:C,T:C,T:C,T:C,Uncallable,Uncallable,T:G,G:A,T:T,G:A,A:A,Uncallable,T:T,G:C,Uncallable,T:C,T:C,C:C
67b39aa1f6ae_d1,T:C,T:C,T:A,?,G:C,T:C,G:A,T:C,G:G,C:A,G:G,A:A,T:C,T:C,T:C,T:C,Uncallable,A:A,T:T,G:A,T:G,G:A,A:A,Uncallable,T:T,C:C,G:A,T:C,T:C,G:C
67b39aa1f6ae_d2,T:C,T:C,T:A,?,G:C,T:C,G:A,T:C,G:G,C:A,G:G,A:A,T:C,T:C,T:C,T:C,Uncallable,A:A,T:T,G:A,T:G,G:A,A:A,Uncallable,T:T,C:C,G:A,T:C,T:C,G:C
6893a61a552c_d1,T:T,T:C,T:A,?,G:G,T:C,G:A,T:C,G:A,C:A,G:G,A:A,T:C,C:C,T:C,T:C,Uncallable,Uncallable,T:G,G:A,T:G,G:G,A:A,Uncallable,T:T,G:C,G:A,T:C,C:C,G:C
6893a61a552c_d2,T:T,T:C,T:A,?,G:G,T:C,G:A,T:C,G:A,C:A,G:G,A:A,T:C,C:C,T:C,T:C,Uncallable,Uncallable,T:G,G:A,T:G,G:G,A:A,Uncallable,T:T,G:C,G:A,T:C,C:C,G:C
6b5173387f2f_d1,?,?,?,?,?,?,?,?,?,?,?,?,?,?,?,?,?,?,?,?,?,?,?,?,?,?,?,?,?,?
6b5173387f2f_d2,?,?,?,?,?,?,?,?,?,?,?,?,?,?,?,?,?,?,?,?,?,?,?,?,?,?,?,?,?,?
6dc205debe30_d1,T:C,T:C,T:A,?,G:C,T:C,G:A,T:C,?,?,?,?,T:C,?,T:C,T:C,?,?,G:G,G:A,?,?,?,Uncallable,T:T,?,?,?,?,?
6dc205debe30_d2,?,?,?,?,?,?,?,?,?,?,?,?,?,?,?,?,?,?,?,?,?,?,?,?,?,?,?,?,?,?
6f4af079bfb4_d1,T:C,T:C,T:A,?,G:C,T:C,G:A,T:C,A:A,C:A,G:G,A:A,C:C,T:C,T:T,T:T,Uncallable,Uncallable,T:G,G:G,T:G,G:A,T:T,Uncallable,T:T,G:C,G:A,T:C,T:C,G:G
6f4af079bfb4_d2,T:C,T:C,T:A,?,G:C,T:C,G:A,T:C,A:A,C:A,G:G,A:A,C:C,T:C,T:T,T:T,Uncallable,Uncallable,T:G,G:G,T:G,G:A,T:T,Uncallable,T:T,G:C,G:A,T:C,T:C,G:G
6f8338217ae8_d1,T:C,T:C,T:A,?,G:C,T:C,G:A,T:C,?,?,?,T:A,T:C,?,T:C,T:C,?,?,G:G,G:A,?,?,?,Uncallable,C:C,G:C,?,?,?,?
6f8338217ae8_d2,T:C,T:C,T:A,?,G:C,T:C,G:A,T:C,G:A,C:A,G:G,T:A,T:C,C:C,T:C,T:C,Uncallable,A:A,G:G,G:A,T:G,G:G,A:A,Uncallable,T:C,G:C,G:G,T:C,T:T,G:C
70273ea5750d_d1,T:C,T:T,T:A,?,G:C,C:C,G:A,C:C,?,?,?,?,T:C,?,?,T:C,?,?,?,G:A,?,?,?,Uncallable,C:C,?,?,?,?,?
70273ea5750d_d2,T:C,T:T,T:A,?,G:C,C:C,G:A,C:C,G:G,A:A,G:G,T:A,T:C,T:C,T:C,T:C,Uncallable,A:A,T:G,G:A,T:T,G:A,T:T,Uncallable,C:C,G:C,G:G,T:C,?,?
71a06ccb5d1a_d1,?,?,?,?,?,?,?,?,?,?,?,?,?,?,?,?,?,?,?,?,?,?,?,?,?,?,?,?,?,?
71a06ccb5d1a_d2,?,?,?,?,?,?,?,?,?,?,?,?,?,?,?,?,?,?,?,?,?,?,?,?,?,?,?,?,?,?
750b4a7d8bf6_d1,T:C,T:C,T:A,?,G:C,T:C,G:A,T:C,G:A,C:A,G:G,T:A,T:C,Uncallable,T:C,T:T,Uncallable,A:A,T:G,G:A,Uncallable,G:G,T:T,Uncallable,T:C,G:C,G:A,T:T,T:T,G:C
750b4a7d8bf6_d2,T:C,T:C,?,?,G:C,T:C,G:A,T:C,G:A,C:A,G:G,T:A,T:C,T:C,T:C,T:T,Uncallable,A:A,T:G,G:A,T:G,G:G,T:T,Uncallable,T:C,G:C,G:A,T:T,T:T,G:C
75d2e3e542d5_d1,T:C,T:C,T:A,?,G:C,T:C,G:A,T:C,A:A,C:A,G:G,T:A,T:C,T:C,T:C,T:C,Uncallable,A:A,T:G,G:A,T:G,A:A,A:A,Uncallable,T:C,G:C,G:A,T:C,T:C,G:C
75d2e3e542d5_d2,T:C,T:C,T:A,?,G:C,T:C,G:A,T:C,A:A,C:A,G:G,T:A,T:C,Uncallable,T:C,T:C,Uncallable,A:A,T:G,G:A,T:G,A:A,A:A,Uncallable,T:C,G:C,G:A,T:C,T:C,G:C
76d908f85623_d1,T:C,T:C,T:A,?,G:C,T:C,G:G,T:C,A:A,C:A,T:T,T:A,T:C,T:C,T:C,T:C,Uncallable,A:A,T:G,G:A,T:G,G:A,A:A,Uncallable,T:C,G:C,G:A,T:C,T:C,G:C
76d908f85623_d2,T:C,T:C,T:A,?,G:C,T:C,G:G,T:C,A:A,C:A,T:T,T:A,T:C,T:C,T:C,T:C,Uncallable,A:A,T:G,G:A,T:G,G:A,A:A,Uncallable,T:C,G:C,G:A,T:C,T:C,G:C
78e87ce81f50_d1,T:C,T:C,T:A,?,G:C,T:C,G:G,T:C,A:A,C:A,T:T,T:A,T:C,T:C,T:C,T:C,Uncallable,A:A,T:G,G:A,T:G,G:A,A:A,Uncallable,T:C,G:C,G:A,T:C,T:C,G:C
78e87ce81f50_d2,?,?,?,?,?,?,?,?,?,?,?,?,?,?,?,?,?,?,?,?,?,?,?,?,?,?,?,?,?,?
79c07d69c9c9_d1,T:C,T:C,T:A,?,G:C,T:C,G:A,T:C,G:A,C:A,G:G,A:A,T:C,C:C,T:C,T:C,Uncallable,A:A,T:G,G:A,T:G,G:G,T:T,Uncallable,T:T,C:C,G:A,T:C,T:C,G:C
79c07d69c9c9_d2,?,?,?,?,?,?,?,?,?,?,?,?,?,?,?,?,?,?,?,?,?,?,?,?,?,?,?,?,?,?
82492f857bf2_d1,?,?,?,?,?,?,G:A,?,?,?,?,?,?,?,?,?,?,?,?,?,?,?,?,?,?,?,?,?,?,?
82492f857bf2_d2,?,?,?,?,?,?,?,?,?,?,?,?,?,?,?,?,?,?,?,?,?,?,?,?,?,?,?,?,?,?
86ddb8072044_d1,T:C,T:C,T:A,?,G:C,T:C,G:A,T:C,G:G,C:A,G:G,T:A,T:C,T:C,T:C,T:C,Uncallable,Uncallable,T:G,G:A,T:G,G:G,A:A,Uncallable,Uncallable,G:C,G:A,T:C,C:C,G:C
86ddb8072044_d2,T:C,T:C,T:A,?,G:C,T:C,G:A,T:C,G:G,C:A,G:G,T:A,T:C,Uncallable,T:C,T:C,Uncallable,Uncallable,T:G,G:A,T:G,G:G,A:A,Uncallable,T:C,G:C,G:A,T:C,C:C,G:C
87370eb74ea7_d1,T:C,T:C,T:A,?,G:C,C:C,G:A,T:C,G:A,C:A,G:G,A:A,T:C,T:C,T:C,T:C,Uncallable,A:A,T:G,G:A,T:G,G:G,A:A,Uncallable,T:T,C:C,G:A,T:C,C:C,C:C
87370eb74ea7_d2,?,?,?,?,?,?,?,?,?,?,?,?,?,?,?,?,?,?,?,?,?,?,?,?,?,?,?,?,?,?
88148159f985_d1,T:C,T:C,T:A,?,G:C,T:C,G:A,T:C,A:A,C:A,G:G,T:A,T:C,Uncallable,T:C,T:C,Uncallable,A:A,T:G,G:A,T:G,G:A,T:T,Uncallable,T:C,G:C,G:G,T:C,T:T,G:C
88148159f985_d2,T:C,T:C,T:A,?,G:C,T:C,G:A,T:C,A:A,C:A,G:G,T:A,T:C,Uncallable,T:C,T:C,Uncallable,A:A,T:G,G:A,T:G,G:A,T:T,Uncallable,T:C,G:C,G:G,?,T:T,G:C
8e06a2861be6_d1,T:C,T:C,T:A,?,G:C,T:C,G:A,T:C,G:A,C:A,T:T,T:A,T:C,T:C,T:C,T:C,Uncallable,A:A,T:G,A:A,T:G,G:A,T:T,Uncallable,C:C,G:C,G:A,T:C,T:C,G:C
8e06a2861be6_d2,T:C,T:C,T:A,?,G:C,T:C,G:A,T:C,G:A,C:A,T:T,T:A,T:C,T:C,T:C,T:C,Uncallable,A:A,T:G,A:A,T:G,G:A,T:T,Uncallable,Uncallable,G:C,G:A,T:C,T:C,G:C
8eb88a47a470_d1,?,?,?,?,?,?,?,?,?,?,?,?,?,?,?,?,?,?,?,?,?,?,?,?,?,?,?,?,?,?
8eb88a47a470_d2,?,?,?,?,?,?,?,?,?,?,?,?,?,?,?,?,?,?,?,?,?,?,?,?,?,?,?,?,?,?
8ef0440cff51_d1,T:T,T:C,T:A,?,G:C,T:C,G:A,T:C,G:G,C:A,G:G,T:A,T:C,T:C,T:C,T:C,Uncallable,A:A,G:G,G:A,T:G,G:G,A:A,Uncallable,T:T,G:C,G:A,T:C,T:C,G:C
8ef0440cff51_d2,?,?,A:A,?,?,?,?,?,?,?,?,?,?,?,?,?,?,?,?,?,?,?,?,?,?,?,?,?,?,?
8f0ad1d54da6_d1,T:C,T:C,T:A,?,G:C,T:C,G:A,T:C,G:A,C:A,G:G,A:A,T:C,T:C,T:T,T:C,Uncallable,Uncallable,G:G,G:A,T:G,G:G,A:A,Uncallable,T:T,G:C,G:A,T:C,T:C,G:C
8f0ad1d54da6_d2,T:C,T:C,T:A,?,G:C,T:C,G:A,T:C,G:A,C:A,G:G,A:A,T:C,T:C,T:T,T:C,Uncallable,Uncallable,G:G,G:A,T:G,G:G,A:A,Uncallable,T:T,G:C,G:A,?,T:C,G:C
8f9414fbf6fd_d1,C:C,T:C,T:A,?,G:C,T:C,G:G,T:C,G:A,C:A,G:G,T:A,T:C,T:C,T:C,T:C,Uncallable,A:A,T:T,G:A,T:G,G:A,A:A,Uncallable,T:C,G:C,G:A,T:C,T:C,C:C
8f9414fbf6fd_d2,C:C,T:C,T:A,?,G:C,T:C,G:G,T:C,G:A,C:A,G:G,T:A,T:C,T:C,T:C,T:C,Uncallable,A:A,T:T,G:A,T:G,G:A,A:A,Uncallable,T:C,G:C,G:A,T:C,T:C,C:C
91cecda3fc57_d1,T:C,?,?,?,?,?,?,?,?,?,?,?,?,?,?,?,?,?,?,?,?,?,?,?,?,?,?,?,?,?
91cecda3fc57_d2,?,T:C,T:A,?,G:C,T:C,G:A,T:C,G:G,C:A,G:G,T:A,T:C,T:C,T:C,T:C,Uncallable,?,T:G,A:A,?,?,A:A,Uncallable,C:C,?,G:A,T:C,?,G:C
91ebd61460e3_d1,T:T,T:C,T:A,?,G:C,T:C,G:A,C:C,G:G,C:A,G:G,T:A,T:C,T:C,T:C,T:C,Uncallable,?,T:G,G:A,T:G,?,A:A,Uncallable,T:T,G:C,G:A,T:C,T:C,G:C
91ebd61460e3_d2,T:T,T:C,T:A,?,G:C,T:C,G:A,C:C,G:G,C:A,G:G,T:A,T:C,T:C,T:C,T:C,Uncallable,A:A,T:G,G:A,T:G,G:A,A:A,Uncallable,T:T,G:C,G:A,T:C,T:C,G:C
93b751699595_d1,T:C,C:C,T:T,?,C:C,C:C,G:A,T:C,A:A,C:A,G:G,T:A,T:C,T:C,T:T,T:C,Uncallable,G:G,T:G,G:A,T:G,G:G,A:A,Uncallable,T:C,G:C,G:A,T:C,T:C,G:C
93b751699595_d2,?,?,?,?,?,?,?,?,?,?,?,?,?,?,?,?,?,?,?,?,?,?,?,?,?,?,?,?,?,?
959729e9e479_d1,?,?,?,?,?,?,?,?,?,?,?,?,?,?,?,?,?,?,?,?,?,?,?,?,?,?,?,?,?,?
959729e9e479_d2,?,?,?,?,?,?,?,?,?,?,?,?,?,?,?,?,?,?,?,?,?,?,?,?,?,?,?,?,?,?
960b2b88aeb0_d1,T:C,?,?,?,G:C,?,?,?,?,?,?,?,?,?,?,?,?,?,?,?,?,?,?,?,?,?,?,?,?,?
960b2b88aeb0_d2,?,?,A:A,?,?,?,?,?,?,?,?,?,?,?,?,?,?,?,?,?,?,?,?,?,?,?,?,?,?,?
978c55d39751_d1,T:C,C:C,T:T,?,C:C,C:C,G:A,T:C,A:A,C:A,G:G,T:A,T:C,T:C,T:T,T:C,Uncallable,Uncallable,T:G,G:A,T:G,G:G,A:A,Uncallable,T:C,G:C,G:A,T:C,T:C,G:C
978c55d39751_d2,T:C,C:C,T:T,?,C:C,C:C,G:A,T:C,A:A,C:A,G:G,T:A,T:C,T:C,T:T,T:C,Uncallable,G:G,T:G,G:A,T:G,G:G,A:A,Uncallable,T:C,G:C,Uncallable,T:C,T:C,G:C
9acb060e2ecd_d1,T:C,C:C,T:A,?,G:C,T:C,G:A,T:C,G:G,C:A,G:G,A:A,T:C,T:C,T:T,T:C,Uncallable,A:A,T:T,G:A,T:G,A:A,A:A,Uncallable,T:C,C:C,G:A,T:C,C:C,G:C
9acb060e2ecd_d2,T:C,C:C,T:A,?,G:C,T:C,G:A,T:C,G:G,C:A,G:G,A:A,T:C,T:C,T:T,T:C,Uncallable,A:A,T:T,G:A,T:G,A:A,A:A,Uncallable,T:C,C:C,G:A,T:C,C:C,G:C
9b5590e5b2bf_d1,T:C,T:C,T:A,?,G:C,Uncallable,G:A,T:C,G:G,C:A,G:G,A:A,T:C,Uncallable,T:C,T:C,Uncallable,Uncallable,T:G,G:A,T:G,G:A,A:A,Uncallable,T:C,G:C,A:A,T:C,C:C,G:C
9b5590e5b2bf_d2,T:C,T:C,T:A,?,G:C,T:T,G:A,T:C,G:G,C:A,G:G,A:A,T:C,C:C,T:C,T:C,Uncallable,Uncallable,T:G,G:A,T:G,G:G,A:A,Uncallable,T:C,G:C,A:A,T:C,C:C,G:C
9c8e40ce68a8_d1,T:C,T:C,T:A,?,G:C,C:C,G:A,T:C,G:A,C:A,G:G,T:A,T:C,C:C,T:C,T:C,Uncallable,A:A,T:G,G:A,T:G,G:G,A:A,Uncallable,T:C,G:C,G:A,T:C,T:T,G:C
9c8e40ce68a8_d2,T:C,T:C,T:A,?,G:C,C:C,G:A,T:C,G:A,C:A,G:G,T:A,T:C,C:C,T:C,T:C,Uncallable,A:A,T:G,G:A,T:G,G:G,A:A,Uncallable,T:C,G:C,G:A,T:C,T:T,G:C
9e1d13e100aa_d1,?,?,?,?,?,?,?,?,?,?,?,?,?,?,?,?,?,?,?,?,?,?,?,?,?,?,?,?,?,?
9e1d13e100aa_d2,T:C,T:C,T:A,?,G:C,Uncallable,G:A,T:C,G:G,C:A,G:G,?,T:C,T:C,T:T,T:C,Uncallable,?,T:T,G:G,?,?,A:A,Uncallable,T:T,?,?,T:C,?,?
9f42c5527ddc_d1,T:C,C:C,T:A,?,G:C,T:C,G:A,T:C,G:A,C:A,G:G,T:A,T:C,T:C,T:C,T:C,Uncallable,A:A,T:T,G:G,T:G,G:A,T:T,Uncallable,T:C,G:C,G:A,T:C,C:C,G:C
9f42c5527ddc_d2,T:C,C:C,T:A,?,G:C,T:C,G:A,T:C,G:A,C:A,G:G,T:A,T:C,T:C,T:C,T:C,Uncallable,A:A,T:T,G:G,T:G,Uncallable,T:T,Uncallable,T:C,G:C,G:A,T:C,C:C,G:C
a283ea9c42fb_d1,T:C,T:C,?,?,G:C,T:T,G:A,T:C,G:G,C:A,G:G,T:A,T:C,T:C,T:T,C:C,Uncallable,Uncallable,T:G,G:A,T:G,G:G,A:A,Uncallable,T:T,G:C,G:A,T:C,T:C,G:C
a283ea9c42fb_d2,?,?,A:A,?,?,?,?,?,?,?,?,?,?,?,?,?,?,?,?,?,?,?,?,?,?,?,?,?,?,?
a3cabc8a200f_d1,?,T:C,T:A,?,G:C,T:C,G:A,T:C,G:G,C:A,G:G,A:A,T:C,T:C,C:C,T:C,Uncallable,A:A,T:G,G:A,T:G,A:A,A:A,Uncallable,T:C,G:C,G:A,T:C,T:C,C:C
a3cabc8a200f_d2,T:C,T:C,T:A,?,G:C,T:C,G:A,T:C,G:G,C:A,T:T,A:A,T:C,T:C,C:C,T:C,Uncallable,A:A,T:G,G:A,T:G,A:A,A:A,Uncallable,T:C,G:C,G:A,T:C,T:C,C:C
a5a285910d60_d1,T:C,T:C,T:A,?,G:C,T:C,G:G,T:C,G:A,C:A,G:G,A:A,T:C,T:C,T:C,T:C,Uncallable,Uncallable,T:G,G:A,T:G,A:A,A:A,Uncallable,T:C,G:C,A:A,T:T,C:C,G:C
a5a285910d60_d2,T:C,T:C,T:A,?,G:C,T:C,G:G,T:C,G:A,C:A,G:G,A:A,T:C,T:C,T:C,T:C,Uncallable,G:G,T:G,G:A,T:G,A:A,A:A,Uncallable,T:C,G:C,A:A,T:T,C:C,G:C
abb3e897e930_d1,T:C,T:C,T:A,?,G:C,T:C,G:G,T:C,?,C:A,G:G,A:A,T:C,T:C,T:C,T:C,Uncallable,?,T:G,G:A,T:G,?,A:A,Uncallable,T:T,G:C,G:A,T:C,C:C,C:C
abb3e897e930_d2,T:C,T:C,T:A,?,G:C,T:C,G:G,T:C,G:G,C:A,G:G,A:A,T:C,T:C,T:C,T:C,Uncallable,Uncallable,T:G,G:A,T:G,G:G,A:A,Uncallable,T:T,G:C,G:A,T:C,C:C,C:C
b0209ec47529_d1,?,?,?,?,?,?,?,?,?,?,?,?,?,?,?,?,?,?,?,?,?,?,?,?,?,?,?,?,?,?
b0209ec47529_d2,T:C,T:C,?,?,G:C,T:C,G:A,T:C,G:G,C:A,G:G,?,T:C,C:C,T:C,T:C,Uncallable,A:A,T:T,G:A,?,?,?,Uncallable,Uncallable,?,?,?,?,?
b02aadf972d6_d1,T:C,T:C,T:A,?,G:C,T:C,G:A,T:C,G:A,C:A,G:G,T:A,T:C,C:C,T:C,T:C,Uncallable,A:A,T:G,G:A,T:G,G:G,A:A,Uncallable,T:C,C:C,G:G,T:C,T:C,G:C
b02aadf972d6_d2,T:C,T:C,?,?,G:C,T:C,G:A,T:C,G:A,C:A,G:G,T:A,T:C,C:C,T:C,T:C,Uncallable,A:A,T:G,G:A,T:G,G:G,A:A,Uncallable,T:C,C:C,G:G,T:C,T:C,G:C
b3df33bf9c1e_d1,?,?,?,?,?,?,?,?,?,?,?,?,?,?,?,?,?,?,?,?,?,?,?,?,?,?,?,?,?,?
b3df33bf9c1e_d2,?,?,?,?,?,?,?,?,?,?,?,?,?,?,?,?,?,?,?,?,?,?,?,?,?,G:G,?,?,?,?
b433dee412f4_d1,T:C,T:C,?,?,G:C,T:T,G:A,T:C,G:G,C:A,G:G,T:A,T:C,T:C,T:T,C:C,Uncallable,Uncallable,T:G,G:A,T:G,G:G,A:A,Uncallable,T:T,G:C,G:A,T:C,T:C,G:C
b433dee412f4_d2,?,?,?,?,?,?,?,?,?,?,?,?,?,?,?,?,?,?,?,?,?,?,?,?,?,?,?,?,?,?
b44f82a6545c_d1,T:C,T:C,T:A,?,G:C,T:C,G:A,T:C,G:A,C:A,G:G,A:A,T:C,T:C,T:T,T:C,Uncallable,Uncallable,T:G,G:A,T:G,G:A,A:A,Uncallable,T:T,G:C,G:G,T:C,C:C,G:C
b44f82a6545c_d2,T:C,T:C,T:A,?,G:C,T:C,G:A,T:C,G:A,C:A,T:T,A:A,T:C,T:C,T:T,T:C,Uncallable,Uncallable,T:G,G:A,T:G,G:A,A:A,Uncallable,T:T,G:C,G:G,T:C,C:C,G:C
b563dcb333cb_d1,T:C,T:C,T:A,?,G:C,T:C,G:G,T:C,G:A,C:A,G:G,T:A,T:C,T:C,T:C,T:C,Uncallable,A:A,T:G,G:A,T:G,G:A,A:A,Uncallable,T:C,C:C,G:G,T:C,T:C,G:C
b563dcb333cb_d2,?,?,?,?,?,?,?,?,?,?,?,?,?,?,?,?,?,?,?,?,?,?,?,?,?,?,?,?,?,?
b691bb1ebaf0_d1,T:C,T:C,T:A,?,C:C,?,G:A,C:C,G:A,C:C,G:G,A:A,T:C,T:C,T:C,T:C,Uncallable,A:A,T:T,G:G,T:G,A:A,A:A,Uncallable,T:T,C:C,G:A,T:C,C:C,C:C
b691bb1ebaf0_d2,?,?,?,?,?,?,?,?,?,?,?,?,?,?,?,?,?,?,?,?,?,?,?,?,?,?,?,?,?,?
b871a77902d2_d1,?,?,?,?,?,?,?,?,?,?,?,?,?,?,?,?,?,?,?,?,?,?,?,?,?,?,?,?,?,?
b871a77902d2_d2,T:C,T:C,T:A,?,G:C,T:C,G:A,T:C,?,C:A,G:G,?,T:C,T:C,T:C,T:C,Uncallable,A:A,T:T,G:A,T:G,G:A,A:A,Uncallable,T:T,C:C,A:A,T:C,C:C,?
b9c8411ec507_d1,T:C,T:C,T:A,?,G:C,T:C,G:G,T:C,G:A,C:A,G:G,T:A,T:T,T:T,T:C,T:C,Uncallable,G:G,T:G,G:A,T:G,G:G,A:A,Uncallable,T:T,G:C,G:G,T:C,T:C,G:C
b9c8411ec507_d2,T:C,T:C,T:A,?,G:C,T:C,G:G,T:C,G:A,C:A,G:G,T:A,T:T,T:T,T:C,T:C,Uncallable,G:G,T:G,G:A,T:G,G:G,A:A,Uncallable,T:T,G:C,G:G,T:C,T:C,G:C
c1020f2f210d_d1,?,?,?,?,?,?,?,?,?,?,?,?,?,?,?,?,?,?,?,?,?,?,?,?,?,?,?,?,?,?
c1020f2f210d_d2,?,?,?,?,?,?,?,?,?,?,?,?,?,?,?,?,?,?,?,?,?,?,?,?,?,?,?,?,?,?
c45222afd767_d1,?,?,?,?,?,?,?,?,?,?,?,?,?,?,?,?,?,?,?,?,?,?,?,?,?,?,?,?,?,?
c45222afd767_d2,?,?,?,?,?,?,?,?,?,?,?,?,?,?,?,?,?,?,?,?,?,?,?,?,?,?,?,?,?,?
c57eff12632a_d1,C:C,T:C,T:A,?,G:C,T:C,G:A,T:C,G:A,C:A,G:G,T:A,T:C,T:C,T:C,T:C,Uncallable,A:A,T:G,G:G,T:G,G:A,T:T,Uncallable,T:T,C:C,G:A,T:C,T:C,G:C
c57eff12632a_d2,C:C,T:C,?,?,G:C,T:C,G:A,T:C,G:A,C:A,G:G,T:A,T:C,?,T:C,T:C,Uncallable,A:A,T:G,G:G,T:G,G:A,T:T,Uncallable,T:T,C:C,G:A,?,T:C,G:C
d5b22a2d8127_d1,T:C,T:C,T:A,?,G:C,T:C,G:G,T:C,G:A,C:C,G:G,T:A,T:C,T:C,T:C,T:C,Uncallable,A:A,T:G,G:A,G:G,G:G,A:A,Uncallable,Uncallable,G:C,G:A,T:C,T:T,G:G
d5b22a2d8127_d2,T:C,T:C,T:A,?,G:C,T:C,G:G,?,G:A,C:C,G:G,T:A,T:C,T:C,T:C,T:C,Uncallable,A:A,T:G,G:A,G:G,G:G,A:A,Uncallable,T:C,G:C,G:A,T:C,T:T,G:G
db87cc736b0a_d1,T:T,C:C,T:A,?,G:C,T:C,G:A,T:C,G:A,C:A,G:G,A:A,T:C,C:C,T:C,T:C,Uncallable,A:A,T:G,A:A,Uncallable,G:G,A:A,Uncallable,T:C,C:C,G:A,T:C,T:C,G:C
db87cc736b0a_d2,?,?,?,?,?,?,?,?,?,?,?,?,?,?,?,?,?,?,?,?,?,?,?,?,?,?,?,?,?,?
e39399d3e327_d1,?,?,?,?,?,?,?,?,?,?,?,?,?,?,?,?,?,?,?,?,?,?,?,?,?,?,?,?,?,?
e39399d3e327_d2,T:C,T:C,T:A,?,G:C,T:C,G:G,T:C,?,?,G:G,?,T:C,T:C,T:C,T:C,Uncallable,?,T:G,A:A,T:G,?,?,Uncallable,T:C,?,?,T:C,?,?
e73eb31fc8b9_d1,T:C,T:C,T:A,?,G:C,T:C,G:A,T:C,A:A,C:A,G:G,T:A,T:C,T:C,T:C,T:C,Uncallable,Uncallable,T:T,G:A,T:G,G:A,T:T,Uncallable,T:C,G:C,G:A,T:C,C:C,G:C
e73eb31fc8b9_d2,T:C,T:C,T:A,?,G:C,T:C,G:A,T:C,A:A,C:A,Uncallable,T:A,T:C,T:C,T:C,T:C,Uncallable,Uncallable,T:T,G:A,T:G,G:A,T:T,Uncallable,T:C,G:C,G:A,?,C:C,G:C
eb10ac4dc7fa_d1,T:C,T:C,T:A,?,G:C,T:C,G:A,C:C,G:G,C:C,T:T,T:A,T:C,T:C,T:C,C:C,Uncallable,G:G,G:G,G:A,T:G,G:A,A:A,Uncallable,T:C,G:C,G:A,T:C,T:C,G:C
eb10ac4dc7fa_d2,T:C,T:C,T:A,?,G:C,T:C,G:A,C:C,Uncallable,C:C,T:T,T:A,T:C,T:C,T:C,C:C,Uncallable,G:G,G:G,G:A,T:G,Uncallable,A:A,Uncallable,T:C,G:C,G:A,T:C,T:C,G:C
efdd9100ebc9_d1,T:C,T:C,T:A,?,G:C,T:C,G:A,T:C,G:A,C:C,G:G,A:A,T:C,T:C,T:C,T:C,Uncallable,A:A,T:G,G:A,T:G,G:A,T:T,Uncallable,T:T,C:C,G:A,T:C,C:C,C:C
efdd9100ebc9_d2,T:C,T:C,T:A,?,G:C,T:C,G:A,T:C,G:A,C:C,G:G,A:A,T:C,T:C,T:C,T:C,Uncallable,A:A,T:G,G:A,T:G,G:A,T:T,Uncallable,T:T,C:C,G:A,T:C,C:C,C:C
f0fe8cfe9b32_d1,T:C,T:C,T:A,?,G:C,T:C,G:A,T:C,A:A,C:A,G:G,T:A,T:C,T:C,T:C,T:C,Uncallable,A:A,T:T,G:G,T:G,A:A,A:A,Uncallable,T:C,G:C,G:G,T:C,T:C,G:C
f0fe8cfe9b32_d2,T:C,T:C,T:A,?,G:C,T:C,G:A,T:C,A:A,C:A,Uncallable,T:A,T:C,T:C,T:C,T:C,Uncallable,A:A,T:T,G:G,T:G,A:A,A:A,Uncallable,T:C,G:C,G:G,?,T:C,G:G
f1ccc7667909_d1,?,?,?,?,?,?,?,?,?,?,?,?,?,?,?,?,?,?,?,?,?,?,?,?,?,?,?,?,?,?
f1ccc7667909_d2,T:C,T:C,T:A,?,G:C,T:C,G:A,T:C,?,?,G:G,?,T:C,?,T:C,T:C,?,?,?,G:A,?,?,?,?,C:C,?,?,?,?,?
f2a4e7202f85_d1,T:C,T:C,T:A,?,G:C,T:C,G:A,T:C,G:A,C:A,G:G,T:A,T:C,Uncallable,T:C,T:C,Uncallable,A:A,T:G,G:G,T:G,G:G,T:T,Uncallable,T:C,G:C,G:A,T:C,T:C,G:C
f2a4e7202f85_d2,T:C,T:C,T:A,?,G:C,T:C,G:A,T:C,G:A,C:A,G:G,T:A,T:C,C:C,T:C,T:C,Uncallable,A:A,T:G,G:G,T:G,G:G,T:T,Uncallable,T:C,G:C,G:A,T:C,T:C,G:C
f37a416eb0f1_d1,?,?,?,?,?,?,?,?,?,?,?,?,?,?,?,?,?,?,?,?,?,?,?,?,?,?,?,?,?,?
f37a416eb0f1_d2,T:C,?,?,?,G:C,T:C,G:G,?,?,?,?,?,?,?,?,?,?,?,?,?,?,?,?,?,?,?,?,?,?,?
f5c35570413a_d1,?,?,?,?,?,?,?,?,?,?,?,?,?,?,?,?,?,?,?,?,?,?,?,?,?,?,?,?,?,?
f5c35570413a_d2,?,?,?,?,?,?,?,?,?,?,?,?,?,?,?,?,?,?,?,?,?,?,?,?,?,?,?,?,?,?
f61853e7a09c_d1,T:C,T:C,T:A,?,G:C,T:C,G:A,T:C,G:G,A:A,G:G,A:A,T:C,T:C,T:C,T:C,Uncallable,Uncallable,T:G,G:A,T:G,G:A,A:A,Uncallable,T:T,G:C,G:A,T:C,T:C,G:C
f61853e7a09c_d2,?,?,?,?,?,?,?,?,?,?,?,?,?,?,?,?,?,?,?,?,?,?,?,?,?,?,?,?,?,?
fa78091b1ab9_d1,?,?,?,?,?,?,?,?,?,?,?,?,?,?,?,?,?,?,?,?,?,?,?,?,?,?,?,?,?,?
fa78091b1ab9_d2,T:C,T:C,?,?,G:G,T:C,G:A,T:C,?,?,?,?,T:C,?,T:T,T:T,?,?,?,?,?,?,?,Uncallable,T:T,?,?,?,?,?
fd4fd8231b6d_d1,T:C,T:C,?,?,G:C,T:C,G:A,T:C,?,C:A,G:G,A:A,T:C,T:C,T:T,T:C,Uncallable,Uncallable,T:G,G:A,T:G,G:G,A:A,Uncallable,T:C,G:C,Uncallable,?,?,G:C
fd4fd8231b6d_d2,?,?,A:A,?,?,T:C,G:A,T:C,?,?,G:G,A:A,T:C,?,T:T,T:C,Uncallable,Uncallable,T:G,G:G,T:G,G:G,A:A,Uncallable,T:C,?,G:G,?,T:T,G:C
fedbec1ff549_d1,T:C,T:C,T:A,?,G:C,T:C,G:A,T:C,?,C:A,G:G,A:A,T:C,T:C,T:T,T:C,Uncallable,A:A,T:T,G:A,T:G,G:A,A:A,Uncallable,T:T,G:C,G:G,T:C,T:C,G:C
fedbec1ff549_d2,T:C,T:C,?,?,G:C,T:C,G:A,T:C,G:A,C:A,Uncallable,A:A,T:C,T:C,T:T,T:C,Uncallable,A:A,T:T,G:A,T:G,G:A,A:A,Uncallable,T:T,G:C,G:G,T:C,T:C,G:C
ff3cc31c889a_d1,T:C,T:C,T:A,?,G:C,T:C,G:A,T:C,?,C:A,G:G,T:A,T:C,T:C,T:T,T:C,Uncallable,Uncallable,T:G,G:A,T:T,G:A,A:A,Uncallable,T:T,G:C,G:A,T:C,T:C,C:C
ff3cc31c889a_d2,T:C,T:C,T:A,?,G:C,T:C,G:A,T:C,G:A,C:A,G:G,T:A,T:C,T:C,T:T,T:C,Uncallable,G:G,T:G,G:A,T:T,G:A,A:A,Uncallable,T:T,G:C,G:A,T:C,T:C,C:C
